index,y_test,y_pred
0,0,1
1,0,0
2,0,0
3,1,0
4,0,0
5,0,0
6,0,0
7,1,1
8,0,0
9,1,1
10,1,1
11,1,1
12,1,0
13,0,0
14,1,1
15,0,0
16,1,1
17,1,1
18,0,0
19,0,0
20,0,1
21,1,1
22,0,0
23,0,0
24,0,0
25,0,0
26,0,0
27,0,0
28,0,0
29,0,1
30,0,1
31,0,0
32,1,0
33,0,0
34,0,0
35,1,1
36,0,0
37,0,0
38,0,0
39,0,0
40,0,0
41,1,1
42,0,0
43,0,0
44,0,0
45,0,0
46,1,0
47,0,1
48,0,1
49,1,1
50,0,0
51,0,0
52,0,0
53,0,0
54,1,1
55,0,0
56,1,1
57,0,1
58,1,0
59,0,1
60,1,1
61,0,0
62,0,0
63,0,0
64,0,0
65,0,0
66,0,0
67,1,1
68,0,0
69,0,0
70,0,0
71,1,1
72,0,1
73,1,1
74,0,0
75,0,0
76,1,1
77,1,1
78,0,0
79,0,0
80,1,1
81,0,0
82,0,0
83,1,1
84,0,0
85,1,1
86,1,1
87,0,1
88,0,0
89,0,0
90,1,1
91,1,1
92,0,0
93,0,0
94,1,1
95,0,0
96,1,1
97,0,0
98,1,1
99,0,0
100,1,1
101,0,0
102,0,0
103,1,1
104,0,0
105,0,0
106,1,1
107,0,0
108,0,0
109,0,0
110,0,0
111,0,0
112,0,0
113,0,0
114,0,0
115,0,0
116,0,0
117,0,0
118,0,0
119,0,0
120,0,0
121,0,0
122,0,0
123,0,0
124,0,0
125,0,0
126,1,1
127,0,0
128,0,0
129,0,0
130,0,0
131,0,0
132,0,0
133,0,0
134,1,1
135,0,0
136,0,0
137,0,0
138,0,0
139,1,0
140,1,0
141,1,0
142,0,0
143,1,1
144,0,0
145,1,1
146,0,1
147,0,0
148,0,0
149,0,0
150,1,1
151,0,0
152,0,0
153,0,0
154,0,0
155,0,0
156,0,0
157,0,0
158,0,1
159,0,0
160,0,0
161,0,0
162,0,0
163,0,0
164,0,0
165,1,1
166,1,1
167,0,0
168,1,1
169,0,0
170,0,0
171,1,1
172,0,0
173,0,0
174,0,1
175,0,0
176,0,0
177,1,1
178,0,0
179,0,0
180,1,1
181,0,1
182,1,1
183,0,1
184,0,0
185,1,1
186,0,0
187,0,0
188,0,0
189,0,0
190,0,0
191,0,0
192,0,0
193,0,0
194,0,0
195,0,0
196,0,0
197,1,1
198,0,0
199,1,0
200,1,1
201,0,0
202,1,1
203,0,0
204,0,0
205,0,0
206,0,0
207,0,0
208,0,1
209,1,0
210,1,1
211,0,0
212,0,0
213,0,0
214,0,0
215,0,0
216,0,0
217,0,0
218,1,1
219,1,0
220,0,1
221,0,0
222,0,0
223,0,0
224,0,0
225,0,0
226,0,0
227,0,0
228,1,1
229,0,0
230,0,0
231,0,0
232,1,1
233,1,1
234,1,1
235,1,1
236,0,0
237,1,1
238,0,0
239,0,0
240,0,0
241,0,0
242,0,0
243,0,0
244,0,1
245,0,0
246,0,0
247,0,0
248,0,0
249,0,0
250,0,0
251,0,0
252,0,0
253,0,0
254,1,0
255,0,0
256,0,0
257,0,1
258,0,0
259,0,1
260,0,0
261,1,1
262,0,0
263,1,1
264,1,1
265,0,0
266,0,1
267,0,0
268,0,1
269,1,0
270,0,0
271,0,0
272,0,0
273,0,0
274,1,1
275,1,1
276,0,0
277,1,1
278,1,1
279,0,0
280,0,0
281,1,1
282,0,0
283,0,0
284,1,0
285,0,0
286,1,1
287,0,0
288,0,0
289,0,0
290,0,0
291,0,0
292,1,1
293,0,0
294,0,0
295,0,0
296,0,0
297,0,0
298,1,1
299,1,1
300,1,1
301,0,0
302,0,1
303,0,0
304,1,1
305,1,0
306,0,0
307,1,1
308,0,0
309,1,1
310,1,1
311,1,0
312,0,0
313,1,0
314,0,0
315,0,0
316,0,0
317,0,0
318,0,1
319,0,0
320,0,0
321,0,1
322,1,1
323,1,1
324,0,0
325,1,1
326,1,0
327,1,0
328,0,0
329,0,1
330,0,0
331,0,0
332,0,0
333,0,0
334,0,0
335,0,0
336,0,0
337,0,1
338,0,0
339,1,1
340,0,0
341,0,0
342,1,0
343,0,0
344,0,0
345,0,0
346,0,1
347,0,0
348,0,0
349,0,0
350,0,0
351,0,0
352,0,0
353,0,0
354,0,1
355,0,1
356,0,0
357,0,0
358,0,0
359,0,0
360,1,1
361,0,0
362,0,0
363,0,0
364,0,0
365,0,0
366,0,0
367,0,0
368,0,0
369,0,0
370,1,1
371,0,0
372,0,0
373,0,0
374,0,1
375,0,1
376,0,0
377,0,0
378,0,0
379,0,0
380,0,0
381,0,0
382,0,0
383,0,0
384,0,0
385,1,1
386,0,0
387,0,0
388,1,1
389,0,0
390,1,1
391,0,0
392,0,0
393,0,0
394,0,0
395,0,0
396,0,0
397,0,0
398,0,1
399,1,1
400,0,0
401,0,0
402,0,0
403,0,0
404,0,0
405,1,0
406,1,0
407,0,0
408,0,0
409,1,1
410,0,0
411,1,1
412,0,0
413,0,1
414,0,0
415,1,1
416,0,0
417,0,0
418,0,0
419,0,1
420,0,0
421,0,0
422,0,1
423,0,0
424,1,1
425,0,0
426,0,0
427,0,0
428,0,0
429,0,0
430,0,0
431,1,0
432,0,0
433,0,0
434,0,0
435,0,0
436,1,1
437,0,0
438,1,1
439,1,1
440,0,0
441,1,1
442,0,0
443,0,0
444,0,0
445,1,1
446,0,1
447,0,0
448,0,1
449,0,0
450,0,0
451,0,0
452,0,0
453,0,0
454,0,0
455,0,0
456,0,1
457,0,0
458,0,1
459,1,1
460,1,1
461,1,1
462,1,1
463,0,0
464,0,0
465,0,0
466,1,1
467,0,0
468,0,0
469,0,1
470,0,0
471,0,0
472,0,0
473,0,0
474,0,0
475,0,0
476,0,0
477,0,0
478,0,0
479,0,0
480,0,0
481,0,0
482,0,1
483,0,1
484,0,0
485,1,0
486,0,0
487,0,1
488,0,0
489,0,0
490,0,0
491,1,0
492,0,0
493,0,0
494,0,0
495,0,0
496,1,0
497,1,1
498,0,0
499,0,0
500,0,0
501,0,0
502,1,1
503,1,0
504,0,1
505,0,0
506,1,1
507,0,1
508,0,0
509,1,1
510,0,1
511,1,1
512,0,0
513,0,0
514,0,0
515,0,0
516,0,0
517,0,0
518,0,0
519,0,0
520,1,0
521,0,0
522,0,0
523,0,0
524,1,1
525,1,1
526,0,0
527,1,1
528,0,0
529,0,0
530,0,0
531,0,0
532,0,0
533,0,0
534,1,0
535,1,0
536,0,0
537,0,0
538,0,0
539,1,1
540,1,1
541,0,0
542,0,0
543,1,1
544,0,0
545,1,1
546,0,0
547,0,1
548,1,1
549,1,1
550,1,1
551,0,0
552,0,1
553,0,0
554,0,0
555,0,0
556,0,0
557,0,0
558,1,1
559,0,0
560,0,0
561,0,0
562,0,0
563,1,1
564,1,1
565,1,1
566,0,0
567,0,0
568,0,0
569,0,0
570,0,0
571,0,0
572,0,0
573,0,0
574,0,0
575,0,0
576,1,1
577,0,0
578,0,0
579,0,0
580,0,0
581,0,0
582,0,0
583,1,1
584,0,0
585,0,0
586,0,0
587,0,0
588,1,1
589,1,1
590,0,0
591,0,0
592,1,1
593,0,0
594,0,0
595,0,0
596,0,0
597,0,0
598,0,0
599,0,0
600,0,0
601,0,1
602,0,0
603,0,0
604,0,0
605,0,0
606,0,0
607,0,0
608,1,0
609,0,0
610,1,1
611,0,0
612,0,0
613,1,1
614,1,1
615,1,1
616,0,1
617,0,0
618,1,1
619,0,0
620,0,0
621,0,0
622,0,0
623,1,1
624,1,1
625,0,0
626,0,0
627,0,0
628,1,1
629,0,1
630,0,0
631,1,0
632,0,0
633,0,0
634,0,0
635,0,0
636,0,1
637,0,0
638,0,0
639,0,0
640,1,1
641,0,0
642,0,0
643,1,0
644,0,0
645,0,0
646,1,1
647,0,0
648,1,1
649,0,1
650,0,0
651,1,1
652,1,1
653,1,0
654,0,0
655,1,0
656,0,0
657,0,0
658,0,0
659,0,0
660,0,0
661,1,0
662,0,0
663,0,0
664,0,0
665,1,0
666,1,1
667,0,0
668,1,1
669,0,0
670,0,0
671,1,0
672,1,1
673,0,0
674,0,0
675,0,0
676,0,0
677,0,0
678,0,0
679,1,0
680,1,1
681,0,0
682,1,1
683,0,0
684,1,1
685,0,0
686,0,0
687,0,0
688,0,0
689,0,0
690,0,0
691,0,0
692,0,0
693,1,1
694,0,0
695,0,0
696,0,0
697,0,0
698,0,0
699,0,0
700,0,0
701,0,0
702,0,0
703,0,0
704,0,1
705,0,0
706,0,0
707,0,0
708,0,0
709,1,1
710,1,1
711,0,0
712,0,0
713,0,0
714,0,0
715,1,1
716,0,0
717,0,0
718,0,0
719,0,0
720,1,1
721,0,0
722,0,0
723,1,1
724,0,0
725,0,0
726,0,0
727,1,1
728,0,0
729,0,0
730,0,0
731,0,0
732,0,0
733,0,0
734,1,1
735,0,0
736,0,0
737,0,0
738,1,1
739,0,0
740,0,0
741,0,0
742,1,1
743,1,0
744,1,1
745,0,0
746,1,0
747,0,0
748,0,0
749,1,1
750,1,1
751,1,1
752,0,0
753,1,0
754,0,0
755,0,1
756,0,0
757,1,1
758,0,0
759,0,0
760,0,0
761,0,1
762,0,0
763,0,0
764,0,0
765,1,1
766,0,0
767,0,0
768,0,0
769,1,1
770,0,0
771,1,0
772,1,1
773,1,1
774,1,1
775,1,1
776,1,1
777,0,1
778,1,0
779,0,0
780,0,0
781,0,0
782,0,1
783,0,0
784,0,0
785,0,0
786,1,1
787,0,0
788,0,0
789,0,0
790,1,1
791,1,1
792,0,0
793,0,0
794,0,0
795,0,0
796,0,0
797,0,0
798,1,1
799,0,1
800,0,0
801,0,0
802,0,0
803,0,1
804,1,1
805,0,0
806,1,1
807,0,0
808,1,1
809,0,0
810,1,1
811,0,0
812,0,1
813,1,1
814,1,0
815,0,0
816,0,0
817,0,0
818,0,0
819,0,0
820,0,0
821,0,0
822,0,0
823,0,0
824,0,0
825,1,1
826,0,0
827,0,0
828,0,0
829,0,0
830,0,0
831,1,0
832,0,0
833,1,1
834,0,0
835,1,1
836,0,0
837,1,1
838,0,0
839,0,1
840,0,0
841,1,1
842,0,0
843,0,0
844,0,0
845,0,0
846,0,0
847,1,1
848,0,0
849,0,0
850,0,0
851,0,0
852,0,0
853,0,0
854,0,0
855,1,1
856,0,1
857,0,0
858,0,0
859,0,0
860,1,0
861,0,0
862,0,1
863,0,0
864,0,0
865,1,1
866,0,0
867,1,1
868,0,0
869,1,1
870,1,1
871,0,0
872,0,0
873,1,0
874,1,1
875,1,1
876,1,0
877,0,0
878,1,1
879,1,1
880,0,0
881,1,0
882,0,0
883,0,0
884,0,0
885,0,0
886,0,0
887,1,1
888,0,0
889,0,0
890,1,0
891,0,0
892,0,0
893,0,0
894,0,0
895,0,0
896,1,1
897,1,1
898,0,0
899,0,0
900,0,0
901,0,0
902,1,1
903,0,0
904,1,1
905,0,0
906,0,0
907,1,1
908,0,0
909,0,0
910,0,0
911,1,1
912,1,1
913,1,0
914,1,1
915,0,0
916,0,0
917,0,0
918,1,1
919,1,1
920,0,0
921,0,0
922,1,1
923,0,0
924,1,1
925,0,0
926,0,0
927,0,0
928,0,0
929,0,0
930,0,0
931,0,0
932,0,0
933,1,1
934,0,0
935,0,0
936,1,1
937,1,1
938,0,0
939,0,0
940,0,0
941,1,1
942,1,1
943,0,0
944,1,1
945,0,0
946,0,0
947,1,0
948,0,1
949,0,0
950,0,0
951,0,0
952,0,0
953,1,0
954,0,0
955,0,0
956,0,0
957,0,0
958,1,1
959,0,0
960,0,0
961,0,0
962,0,0
963,0,0
964,0,0
965,0,0
966,1,1
967,0,0
968,1,1
969,0,0
970,0,0
971,1,0
972,0,0
973,0,0
974,0,0
975,0,0
976,0,0
977,1,1
978,1,1
979,0,0
980,0,0
981,0,0
982,1,1
983,0,0
984,0,0
985,0,0
986,0,0
987,0,0
988,0,0
989,0,0
990,0,0
991,1,1
992,0,0
993,1,0
994,0,0
995,0,1
996,0,1
997,0,0
998,0,1
999,0,0
1000,0,0
1001,1,1
1002,0,0
1003,1,0
1004,1,0
1005,0,0
1006,0,0
1007,1,0
1008,0,0
1009,0,0
1010,0,0
1011,0,0
1012,1,0
1013,0,1
1014,1,1
1015,0,0
1016,0,0
1017,0,0
1018,1,1
1019,0,0
1020,1,0
1021,1,0
1022,0,0
1023,0,0
1024,0,0
1025,1,1
1026,0,0
1027,1,0
1028,0,0
1029,1,0
1030,0,0
1031,0,0
1032,0,0
1033,0,1
1034,0,0
1035,0,0
1036,0,1
1037,0,0
1038,0,0
1039,0,0
1040,0,0
1041,1,0
1042,1,0
1043,1,1
1044,0,0
1045,0,0
1046,1,0
1047,0,0
1048,0,0
1049,0,0
1050,0,0
1051,0,0
1052,0,0
1053,1,1
1054,0,0
1055,0,0
1056,0,0
1057,0,0
1058,0,0
1059,0,0
1060,0,0
1061,0,0
1062,0,1
1063,0,0
1064,0,1
1065,1,1
1066,0,0
1067,1,1
1068,1,1
1069,0,1
1070,0,0
1071,0,1
1072,1,1
1073,0,1
1074,0,0
1075,0,0
1076,0,0
1077,1,0
1078,1,0
1079,1,1
1080,0,1
1081,0,0
1082,0,0
1083,0,0
1084,0,0
1085,0,0
1086,1,1
1087,0,0
1088,0,0
1089,1,1
1090,0,0
1091,0,0
1092,1,1
1093,0,0
1094,0,1
1095,1,1
1096,0,0
1097,0,0
1098,0,0
1099,0,0
1100,0,1
1101,0,0
1102,1,1
1103,0,0
1104,0,0
1105,0,0
1106,0,0
1107,0,0
1108,0,0
1109,0,0
1110,0,0
1111,0,0
1112,0,0
1113,0,0
1114,0,0
1115,0,1
1116,0,0
1117,0,0
1118,0,0
1119,0,0
1120,0,0
1121,1,1
1122,0,0
1123,0,0
1124,0,0
1125,0,0
1126,0,0
1127,0,0
1128,0,0
1129,1,0
1130,0,0
1131,1,1
1132,0,0
1133,0,0
1134,1,1
1135,0,0
1136,0,0
1137,0,0
1138,0,0
1139,0,0
1140,1,0
1141,0,0
1142,0,0
1143,0,0
1144,0,0
1145,1,1
1146,1,1
1147,0,1
1148,1,0
1149,0,0
1150,0,0
1151,0,0
1152,1,1
1153,0,0
1154,0,0
1155,0,0
1156,0,0
1157,0,0
1158,1,1
1159,0,0
1160,1,1
1161,0,0
1162,1,1
1163,1,1
1164,0,0
1165,0,0
1166,0,0
1167,0,0
1168,1,1
1169,0,0
1170,1,1
1171,0,0
1172,0,0
1173,0,0
1174,1,1
1175,0,0
1176,0,0
1177,0,0
1178,0,0
1179,0,0
1180,0,1
1181,0,0
1182,0,0
1183,0,0
1184,1,1
1185,1,0
1186,1,1
1187,0,0
1188,0,0
1189,1,1
1190,1,1
1191,0,0
1192,0,0
1193,1,0
1194,1,0
1195,0,0
1196,1,1
1197,0,0
1198,0,0
1199,1,0
1200,0,0
1201,0,0
1202,1,1
1203,1,1
1204,0,0
1205,0,0
1206,0,0
1207,0,0
1208,1,0
1209,0,0
1210,1,0
1211,1,1
1212,0,0
1213,0,0
1214,0,0
1215,0,1
1216,0,0
1217,0,0
1218,0,0
1219,1,0
1220,0,0
1221,0,0
1222,0,0
1223,0,0
1224,0,0
1225,0,0
1226,0,0
1227,0,0
1228,0,0
1229,0,0
1230,0,0
1231,1,1
1232,0,0
1233,0,0
1234,1,0
1235,0,0
1236,0,0
1237,0,0
1238,0,0
1239,0,0
1240,1,1
1241,0,1
1242,0,0
1243,0,0
1244,1,1
1245,0,0
1246,1,0
1247,0,1
1248,1,1
1249,0,0
1250,0,0
1251,0,0
1252,0,0
1253,0,0
1254,0,0
1255,0,0
1256,1,0
1257,0,0
1258,0,0
1259,0,0
1260,0,0
1261,1,1
1262,0,0
1263,0,0
1264,1,1
1265,0,0
1266,0,0
1267,0,0
1268,0,0
1269,1,1
1270,1,1
1271,0,0
1272,0,1
1273,0,0
1274,0,1
1275,0,0
1276,0,1
1277,0,0
1278,0,0
1279,0,0
1280,0,0
1281,0,0
1282,0,1
1283,0,0
1284,0,0
1285,1,1
1286,0,0
1287,0,0
1288,1,1
1289,1,1
1290,0,0
1291,1,0
1292,0,1
1293,0,0
1294,0,0
1295,0,0
1296,0,0
1297,0,0
1298,0,0
1299,1,0
1300,0,0
1301,0,1
1302,0,0
1303,0,0
1304,0,1
1305,0,0
1306,0,0
1307,0,0
1308,0,0
1309,1,0
1310,0,0
1311,0,0
1312,0,0
1313,1,1
1314,0,0
1315,0,1
1316,0,0
1317,0,0
1318,0,0
1319,0,0
1320,0,0
1321,0,0
1322,0,0
1323,0,0
1324,0,0
1325,1,1
1326,0,0
1327,1,1
1328,0,0
1329,0,0
1330,1,1
1331,0,0
1332,0,0
1333,1,1
1334,0,0
1335,0,0
1336,0,0
1337,0,0
1338,0,0
1339,0,0
1340,0,0
1341,0,0
1342,0,0
1343,0,0
1344,0,0
1345,1,1
1346,1,0
1347,1,1
1348,0,0
1349,0,0
1350,0,0
1351,1,1
1352,1,1
1353,0,0
1354,1,0
1355,0,0
1356,0,0
1357,1,0
1358,0,0
1359,0,0
1360,0,0
1361,0,0
1362,1,1
1363,0,0
1364,0,0
1365,0,0
1366,0,0
1367,0,0
1368,0,1
1369,0,1
1370,0,0
1371,1,1
1372,0,0
1373,0,1
1374,0,0
1375,0,0
1376,1,1
1377,0,0
1378,0,0
1379,0,0
1380,0,0
1381,0,0
1382,1,1
1383,0,0
1384,0,0
1385,1,0
1386,0,0
1387,0,0
1388,0,0
1389,0,0
1390,1,1
1391,1,1
1392,0,0
1393,0,0
1394,0,0
1395,1,1
1396,1,1
1397,0,0
1398,1,1
1399,0,0
1400,1,0
1401,1,1
1402,0,0
1403,0,0
1404,0,0
1405,0,0
1406,0,0
1407,0,0
1408,1,0
1409,0,0
1410,0,0
1411,0,1
1412,0,0
1413,0,0
1414,0,0
1415,1,1
1416,1,1
1417,0,0
1418,0,0
1419,0,0
1420,0,0
1421,0,0
1422,0,0
1423,0,0
1424,0,0
1425,0,0
1426,0,0
1427,0,0
1428,0,0
1429,1,1
1430,0,0
1431,0,0
1432,0,0
1433,1,1
1434,1,1
1435,0,1
1436,0,0
1437,0,0
1438,0,0
1439,0,0
1440,0,0
1441,1,1
1442,0,0
1443,0,0
1444,0,0
1445,0,0
1446,0,0
1447,0,0
1448,0,0
1449,0,0
1450,0,0
1451,0,0
1452,0,1
1453,0,0
1454,0,0
1455,0,0
1456,0,0
1457,0,1
1458,1,1
1459,1,1
1460,0,0
1461,0,0
1462,0,0
1463,0,0
1464,1,1
1465,0,0
1466,0,0
1467,0,0
1468,0,0
1469,0,0
1470,0,0
1471,0,0
1472,0,0
1473,0,1
1474,0,0
1475,0,0
1476,1,1
1477,0,1
1478,0,0
1479,0,0
1480,1,1
1481,0,0
1482,1,0
1483,0,0
1484,0,0
1485,0,0
1486,1,1
1487,0,0
1488,1,1
1489,1,0
1490,0,0
1491,0,1
1492,0,0
1493,0,0
1494,1,0
1495,0,0
1496,0,0
1497,0,0
1498,0,0
1499,0,0
1500,0,0
1501,0,0
1502,0,0
1503,1,0
1504,0,0
1505,0,0
1506,0,0
1507,0,0
1508,0,0
1509,1,1
1510,1,1
1511,0,0
1512,1,0
1513,1,1
1514,1,1
1515,0,1
1516,1,1
1517,0,0
1518,0,0
1519,0,0
1520,0,0
1521,0,0
1522,0,0
1523,0,0
1524,0,0
1525,1,1
1526,0,0
1527,0,0
1528,1,1
1529,0,0
1530,0,0
1531,0,0
1532,1,1
1533,0,0
1534,0,0
1535,0,0
1536,0,0
1537,0,1
1538,0,0
1539,0,0
1540,0,0
1541,0,0
1542,0,0
1543,1,1
1544,0,0
1545,1,1
1546,0,0
1547,0,0
1548,0,0
1549,0,0
1550,0,0
1551,0,0
1552,0,0
1553,0,0
1554,0,0
1555,1,1
1556,0,0
1557,0,0
1558,0,0
1559,0,0
1560,0,0
1561,0,0
1562,0,0
1563,0,0
1564,1,0
1565,1,1
1566,0,0
1567,0,0
1568,0,1
1569,0,0
1570,0,0
1571,0,0
1572,0,0
1573,0,0
1574,0,0
1575,0,0
1576,0,0
1577,0,0
1578,0,0
1579,0,0
1580,0,0
1581,0,0
1582,0,0
1583,0,0
1584,0,0
1585,0,0
1586,0,0
1587,0,0
1588,0,1
1589,0,0
1590,0,0
1591,0,0
1592,1,1
1593,0,0
1594,1,1
1595,0,0
1596,0,0
1597,0,0
1598,0,0
1599,0,0
1600,0,0
1601,0,0
1602,0,1
1603,0,0
1604,0,0
1605,0,0
1606,0,0
1607,0,0
1608,0,0
1609,0,0
1610,0,0
1611,0,0
1612,0,0
1613,0,0
1614,1,1
1615,0,0
1616,0,1
1617,0,1
1618,0,0
1619,1,1
1620,0,0
1621,0,0
1622,0,0
1623,1,0
1624,0,0
1625,0,0
1626,1,1
1627,0,0
1628,0,0
1629,0,0
1630,0,0
1631,0,0
1632,0,0
1633,0,0
1634,0,0
1635,0,0
1636,0,0
1637,0,0
1638,0,0
1639,0,0
1640,0,0
1641,0,1
1642,1,1
1643,0,0
1644,0,0
1645,0,0
1646,1,1
1647,1,0
1648,0,0
1649,0,0
1650,0,0
1651,0,0
1652,0,0
1653,1,1
1654,0,1
1655,1,1
1656,0,0
1657,1,1
1658,0,0
1659,0,0
1660,1,1
1661,0,0
1662,0,0
1663,0,0
1664,0,0
1665,0,0
1666,0,0
1667,0,0
1668,0,0
1669,0,0
1670,0,1
1671,0,1
1672,1,1
1673,1,0
1674,0,1
1675,0,0
1676,0,0
1677,0,0
1678,0,0
1679,0,0
1680,1,1
1681,0,0
1682,0,0
1683,1,1
1684,0,0
1685,0,0
1686,0,0
1687,0,0
1688,0,0
1689,0,1
1690,0,1
1691,0,0
1692,0,0
1693,0,0
1694,0,0
1695,0,0
1696,1,1
1697,1,0
1698,0,0
1699,1,1
1700,0,0
1701,0,0
1702,0,0
1703,0,0
1704,0,1
1705,1,1
1706,0,0
1707,1,0
1708,0,0
1709,1,1
1710,0,0
1711,0,0
1712,0,0
1713,0,0
1714,1,1
1715,0,0
1716,0,0
1717,1,1
1718,1,1
1719,0,0
1720,1,1
1721,1,0
1722,0,1
1723,1,0
1724,0,0
1725,0,0
1726,1,1
1727,0,0
1728,0,0
1729,0,0
1730,0,1
1731,0,0
1732,0,0
1733,0,0
1734,0,0
1735,0,0
1736,0,0
1737,0,0
1738,1,1
1739,0,0
1740,0,0
1741,0,0
1742,0,0
1743,0,0
1744,0,0
1745,1,0
1746,0,0
1747,0,0
1748,0,0
1749,0,1
1750,1,1
1751,0,0
1752,0,0
1753,0,0
1754,0,0
1755,1,1
1756,0,0
1757,0,0
1758,0,0
1759,0,0
1760,1,1
1761,0,0
1762,0,0
1763,1,0
1764,0,0
1765,0,0
1766,0,0
1767,0,0
1768,0,0
1769,0,0
1770,0,0
1771,0,1
1772,0,0
1773,0,0
1774,0,0
1775,0,1
1776,1,1
1777,1,1
1778,0,0
1779,0,0
1780,0,0
1781,0,1
1782,1,0
1783,0,0
1784,0,0
1785,0,0
1786,1,1
1787,1,1
1788,0,1
1789,1,1
1790,1,1
1791,1,1
1792,0,1
1793,1,1
1794,0,1
1795,0,0
1796,0,0
1797,0,0
1798,1,0
1799,0,1
1800,1,1
1801,0,0
1802,0,0
1803,0,0
1804,0,0
1805,1,1
1806,0,0
1807,0,0
1808,1,1
1809,0,0
1810,0,0
1811,0,0
1812,0,0
1813,0,0
1814,0,0
1815,0,0
1816,1,1
1817,1,1
1818,1,1
1819,0,0
1820,0,0
1821,0,0
1822,0,0
1823,0,0
1824,0,0
1825,0,0
1826,0,0
1827,0,0
1828,0,0
1829,0,0
1830,1,0
1831,0,0
1832,1,1
1833,1,1
1834,0,0
1835,1,1
1836,0,0
1837,0,0
1838,0,1
1839,0,0
1840,0,0
1841,0,0
1842,0,0
1843,0,0
1844,0,0
1845,1,1
1846,0,0
1847,0,0
1848,0,0
1849,0,0
1850,0,0
1851,0,0
1852,0,0
1853,0,0
1854,0,0
1855,0,0
1856,0,0
1857,0,0
1858,1,1
1859,0,0
1860,0,0
1861,0,0
1862,1,1
1863,0,0
1864,0,0
1865,0,1
1866,0,0
1867,0,0
1868,0,0
1869,0,0
1870,0,0
1871,1,1
1872,0,0
1873,0,0
1874,1,1
1875,0,0
1876,0,0
1877,0,1
1878,0,0
1879,0,0
1880,1,1
1881,1,1
1882,1,0
1883,0,1
1884,0,0
1885,1,1
1886,0,0
1887,0,0
1888,0,0
1889,0,0
1890,0,0
1891,1,1
1892,0,0
1893,1,1
1894,0,0
1895,0,0
1896,0,0
1897,0,0
1898,0,0
1899,0,0
1900,0,0
1901,0,0
1902,1,1
1903,1,1
1904,0,0
1905,0,0
1906,0,0
1907,0,0
1908,0,0
1909,0,0
1910,0,0
1911,0,0
1912,0,0
1913,0,0
1914,0,0
1915,1,1
1916,0,0
1917,0,0
1918,0,0
1919,1,1
1920,0,1
1921,0,0
1922,0,0
1923,0,1
1924,1,1
1925,0,0
1926,0,0
1927,0,0
1928,0,0
1929,1,1
1930,0,0
1931,0,0
1932,1,1
1933,0,0
1934,0,1
1935,0,1
1936,0,0
1937,0,0
1938,0,1
1939,0,0
1940,0,0
1941,0,0
1942,0,0
1943,0,0
1944,0,0
1945,0,0
1946,0,0
1947,0,0
1948,0,0
1949,1,1
1950,0,0
1951,0,0
1952,0,0
1953,0,0
1954,1,0
1955,0,0
1956,0,0
1957,0,0
1958,0,0
1959,0,0
1960,0,0
1961,0,0
1962,1,1
1963,0,0
1964,0,0
1965,0,0
1966,1,0
1967,0,0
1968,0,0
1969,1,1
1970,1,1
1971,0,0
1972,0,0
1973,0,0
1974,0,1
1975,1,1
1976,1,1
1977,0,0
1978,1,1
1979,0,0
1980,0,0
1981,0,0
1982,0,0
1983,0,0
1984,1,1
1985,0,0
1986,1,1
1987,1,1
1988,0,0
1989,0,0
1990,0,0
1991,0,0
1992,0,0
1993,0,0
1994,0,0
1995,0,0
1996,0,0
1997,0,0
1998,0,0
1999,0,0
2000,0,1
2001,1,0
2002,1,1
2003,0,0
2004,0,0
2005,1,1
2006,0,0
2007,1,1
2008,0,0
2009,0,0
2010,0,0
2011,0,0
2012,1,1
2013,0,0
2014,0,0
2015,1,1
2016,1,0
2017,1,1
2018,0,0
2019,0,0
2020,0,0
2021,0,0
2022,0,0
2023,0,0
2024,0,0
2025,0,0
2026,0,0
2027,0,1
2028,0,0
2029,0,0
2030,0,0
2031,0,0
2032,1,1
2033,0,0
2034,1,1
2035,0,0
2036,1,1
2037,0,0
2038,0,0
2039,1,0
2040,0,0
2041,0,0
2042,0,0
2043,0,0
2044,0,1
2045,0,0
2046,1,1
2047,1,1
2048,0,0
2049,0,0
2050,1,1
2051,0,0
2052,1,1
2053,0,0
2054,0,0
2055,0,0
2056,1,0
2057,0,1
2058,0,0
2059,0,0
2060,0,0
2061,0,0
2062,0,0
2063,0,0
2064,1,0
2065,0,0
2066,0,0
2067,0,0
2068,0,0
2069,0,0
2070,1,1
2071,0,0
2072,0,0
2073,0,0
2074,0,0
2075,0,0
2076,0,0
2077,0,0
2078,0,0
2079,1,1
2080,0,1
2081,0,0
2082,1,1
2083,0,1
2084,0,0
2085,0,0
2086,0,0
2087,0,0
2088,0,1
2089,0,0
2090,0,0
2091,0,0
2092,0,0
2093,1,1
2094,0,0
2095,0,0
2096,1,1
2097,0,0
2098,0,0
2099,0,0
2100,1,1
2101,0,0
2102,0,1
2103,0,0
2104,0,0
2105,0,1
2106,1,1
2107,0,0
2108,1,0
2109,0,0
2110,0,0
2111,1,1
2112,0,0
2113,1,0
2114,0,1
2115,0,0
2116,0,0
2117,1,1
2118,0,0
2119,0,1
2120,1,1
2121,0,0
2122,1,1
2123,0,0
2124,1,1
2125,0,0
2126,0,0
2127,0,0
2128,1,1
2129,0,0
2130,0,0
2131,0,0
2132,0,1
2133,1,1
2134,0,0
2135,1,0
2136,0,0
2137,1,1
2138,1,1
2139,0,0
2140,0,0
2141,0,1
2142,1,0
2143,1,1
2144,0,0
2145,0,0
2146,0,0
2147,0,0
2148,0,0
2149,0,0
2150,0,0
2151,0,0
2152,0,0
2153,0,0
2154,1,1
2155,0,0
2156,0,0
2157,0,0
2158,0,0
2159,1,1
2160,1,0
2161,0,0
2162,0,0
2163,0,0
2164,0,0
2165,0,0
2166,0,0
2167,0,0
2168,0,0
2169,1,1
2170,0,0
2171,1,1
2172,0,0
2173,0,0
2174,0,0
2175,0,1
2176,0,0
2177,0,0
2178,0,0
2179,1,1
2180,0,0
2181,0,0
2182,0,0
2183,1,1
2184,0,0
2185,0,0
2186,0,0
2187,0,0
2188,1,1
2189,0,0
2190,0,0
2191,0,0
2192,0,0
2193,0,1
2194,0,0
2195,0,0
2196,0,1
2197,0,1
2198,0,0
2199,0,0
2200,0,0
2201,0,0
2202,0,0
2203,0,0
2204,1,0
2205,0,0
2206,1,0
2207,0,0
2208,0,0
2209,0,0
2210,0,1
2211,0,0
2212,0,0
2213,1,1
2214,0,0
2215,0,0
2216,0,0
2217,0,0
2218,0,0
2219,0,0
2220,0,0
2221,0,0
2222,0,0
2223,0,0
2224,0,0
2225,0,0
2226,0,0
2227,1,1
2228,1,1
2229,1,1
2230,0,1
2231,0,1
2232,0,0
2233,1,1
2234,1,1
2235,0,0
2236,1,1
2237,0,0
2238,0,0
2239,1,0
2240,0,0
2241,0,1
2242,1,0
2243,0,0
2244,0,0
2245,0,0
2246,0,1
2247,0,0
2248,0,0
2249,0,0
2250,0,0
2251,0,0
2252,0,0
2253,0,0
2254,1,1
2255,0,1
2256,1,1
2257,1,1
2258,0,0
2259,0,0
2260,0,0
2261,0,0
2262,1,1
2263,0,0
2264,1,1
2265,0,0
2266,0,0
2267,0,0
2268,1,1
2269,0,0
2270,0,1
2271,1,1
2272,0,1
2273,1,1
2274,0,0
2275,0,0
2276,0,0
2277,0,0
2278,0,0
2279,0,0
2280,1,1
2281,0,0
2282,0,0
2283,1,1
2284,1,1
2285,0,0
2286,0,0
2287,0,1
2288,0,0
2289,1,1
2290,0,0
2291,0,0
2292,0,0
2293,0,0
2294,1,1
2295,0,0
2296,0,0
2297,0,0
2298,0,0
2299,1,0
2300,0,0
2301,0,0
2302,0,0
2303,0,0
2304,1,1
2305,0,0
2306,1,1
2307,1,0
2308,0,0
2309,0,0
2310,0,0
2311,0,1
2312,0,0
2313,0,0
2314,1,1
2315,0,0
2316,1,1
2317,0,0
2318,0,0
2319,0,0
2320,0,0
2321,0,0
2322,0,0
2323,0,0
2324,1,1
2325,0,0
2326,0,0
2327,0,0
2328,0,0
2329,0,0
2330,0,0
2331,0,0
2332,1,1
2333,0,0
2334,1,1
2335,0,0
2336,0,0
2337,1,1
2338,0,0
2339,0,0
2340,0,0
2341,1,1
2342,0,0
2343,0,0
2344,0,0
2345,0,0
2346,1,1
2347,0,0
2348,0,0
2349,1,1
2350,0,1
2351,0,0
2352,0,0
2353,0,0
2354,1,1
2355,0,1
2356,0,0
2357,0,0
2358,0,0
2359,0,0
2360,0,0
2361,1,0
2362,0,0
2363,1,0
2364,1,1
2365,0,0
2366,1,1
2367,0,0
2368,0,0
2369,0,0
2370,0,0
2371,1,1
2372,1,1
2373,1,1
2374,0,0
2375,1,1
2376,1,1
2377,1,1
2378,0,0
2379,0,0
2380,1,1
2381,0,0
2382,0,0
2383,1,1
2384,0,0
2385,1,0
2386,0,0
2387,0,0
2388,0,0
2389,0,0
2390,0,0
2391,0,1
2392,1,1
2393,0,0
2394,0,0
2395,0,0
2396,0,0
2397,0,0
2398,0,0
2399,0,0
2400,0,0
2401,0,0
2402,0,0
2403,0,1
2404,0,0
2405,0,0
2406,0,0
2407,1,1
2408,0,1
2409,0,0
2410,0,0
2411,0,0
2412,0,0
2413,0,0
2414,0,0
2415,0,0
2416,1,1
2417,0,0
2418,0,0
2419,0,0
2420,0,0
2421,1,1
2422,0,0
2423,0,0
2424,0,0
2425,0,0
2426,0,0
2427,0,0
2428,0,0
2429,1,1
2430,0,0
2431,1,0
2432,1,0
2433,0,0
2434,1,1
2435,1,1
2436,1,1
2437,1,0
2438,1,0
2439,0,1
2440,0,0
2441,0,0
2442,0,0
2443,1,1
2444,1,1
2445,0,0
2446,1,1
2447,1,1
2448,0,0
2449,1,1
2450,1,0
2451,0,0
2452,0,0
2453,0,0
2454,1,1
2455,0,0
2456,1,1
2457,0,0
2458,0,0
2459,0,0
2460,0,0
2461,0,0
2462,0,0
2463,0,0
2464,0,0
2465,0,0
2466,0,0
2467,1,1
2468,1,1
2469,0,0
2470,0,1
2471,1,0
2472,0,0
2473,0,0
2474,0,0
2475,0,0
2476,0,0
2477,1,1
2478,0,0
2479,1,0
2480,1,0
2481,0,1
2482,1,1
2483,0,0
2484,0,0
2485,0,0
2486,0,0
2487,0,0
2488,1,1
2489,0,0
2490,0,0
2491,0,0
2492,0,0
2493,0,0
2494,0,0
2495,1,0
2496,0,0
2497,0,0
2498,0,0
2499,0,0
2500,0,0
2501,0,0
2502,0,1
2503,1,1
2504,1,0
2505,1,1
2506,0,0
2507,0,0
2508,0,0
2509,0,0
2510,0,0
2511,1,1
2512,0,1
2513,0,0
2514,0,0
2515,0,0
2516,1,0
2517,1,1
2518,0,0
2519,0,0
2520,0,0
2521,0,0
2522,0,0
2523,0,0
2524,0,0
2525,0,0
2526,0,1
2527,0,0
2528,1,1
2529,0,0
2530,0,0
2531,0,0
2532,0,0
2533,0,1
2534,0,0
2535,0,0
2536,0,0
2537,1,1
2538,0,0
2539,0,0
2540,0,0
2541,0,0
2542,0,0
2543,0,0
2544,0,0
2545,0,0
2546,1,1
2547,0,0
2548,0,0
2549,0,0
2550,1,1
2551,0,0
2552,0,0
2553,0,0
2554,0,0
2555,0,0
2556,1,1
2557,0,0
2558,0,0
2559,0,0
2560,0,0
2561,0,0
2562,0,0
2563,0,0
2564,1,1
2565,1,0
2566,0,0
2567,0,0
2568,0,1
2569,0,0
2570,0,0
2571,0,1
2572,0,0
2573,0,0
2574,1,1
2575,0,0
2576,0,0
2577,0,0
2578,0,0
2579,1,1
2580,0,0
2581,1,1
2582,0,1
2583,0,1
2584,0,0
2585,0,0
2586,0,0
2587,1,1
2588,0,1
2589,1,1
2590,0,0
2591,0,0
2592,0,1
2593,0,0
2594,0,0
2595,0,0
2596,1,1
2597,1,1
2598,1,1
2599,0,0
2600,1,1
2601,0,0
2602,1,1
2603,0,0
2604,0,0
2605,0,0
2606,0,0
2607,1,1
2608,0,1
2609,1,1
2610,1,1
2611,1,1
2612,0,0
2613,0,0
2614,0,0
2615,1,1
2616,0,0
2617,0,0
2618,0,0
2619,0,0
2620,0,1
2621,0,0
2622,0,0
2623,0,0
2624,0,0
2625,1,1
2626,0,0
2627,1,1
2628,1,1
2629,0,0
2630,0,0
2631,1,1
2632,0,0
2633,0,0
2634,1,1
2635,0,0
2636,1,1
2637,0,0
2638,0,0
2639,0,0
2640,0,0
2641,0,1
2642,0,0
2643,0,0
2644,0,0
2645,1,1
2646,0,0
2647,1,0
2648,1,0
2649,0,0
2650,0,0
2651,0,1
2652,0,0
2653,1,1
2654,0,0
2655,0,0
2656,1,1
2657,1,1
2658,1,1
2659,1,1
2660,0,0
2661,1,0
2662,0,0
2663,1,1
2664,0,0
2665,0,0
2666,1,0
2667,0,0
2668,0,0
2669,1,1
2670,1,1
2671,0,0
2672,1,1
2673,0,0
2674,0,0
2675,1,1
2676,0,0
2677,0,0
2678,1,1
2679,1,1
2680,0,0
2681,0,0
2682,0,0
2683,0,0
2684,0,0
2685,1,1
2686,0,0
2687,0,1
2688,0,0
2689,0,0
2690,0,0
2691,0,0
2692,0,0
2693,1,1
2694,0,0
2695,0,0
2696,0,0
2697,1,1
2698,0,0
2699,0,1
2700,0,0
2701,0,0
2702,1,1
2703,0,0
2704,0,0
2705,0,0
2706,0,0
2707,0,1
2708,1,0
2709,0,0
2710,0,0
2711,0,0
2712,0,0
2713,0,0
2714,0,0
2715,1,1
2716,0,0
2717,0,0
2718,1,1
2719,0,0
2720,0,0
2721,0,0
2722,0,0
2723,0,0
2724,1,0
2725,0,0
2726,0,0
2727,0,0
2728,0,1
2729,0,0
2730,0,0
2731,0,0
2732,0,0
2733,0,0
2734,0,0
2735,0,0
2736,0,0
2737,0,0
2738,0,0
2739,0,0
2740,1,1
2741,0,0
2742,0,0
2743,0,1
2744,0,0
2745,0,0
2746,0,0
2747,0,0
2748,0,0
2749,0,0
2750,0,0
2751,0,0
2752,0,1
2753,1,0
2754,0,0
2755,0,0
2756,0,0
2757,0,0
2758,0,0
2759,0,0
2760,0,0
2761,1,1
2762,0,1
2763,0,0
2764,0,0
2765,0,1
2766,1,1
2767,0,0
2768,0,1
2769,0,0
2770,1,1
2771,0,0
2772,0,0
2773,1,1
2774,1,1
2775,0,0
2776,1,1
2777,0,0
2778,0,1
2779,0,1
2780,0,0
2781,0,0
2782,0,0
2783,0,0
2784,0,0
2785,0,0
2786,0,0
2787,0,0
2788,0,0
2789,0,0
2790,1,0
2791,1,0
2792,0,0
2793,0,0
2794,0,1
2795,0,1
2796,1,1
2797,1,0
2798,0,0
2799,0,0
2800,1,1
2801,0,0
2802,0,0
2803,0,0
2804,0,0
2805,0,1
2806,1,1
2807,0,0
2808,1,0
2809,0,0
2810,1,0
2811,1,1
2812,1,1
2813,0,1
2814,0,0
2815,1,1
2816,0,0
2817,1,0
2818,1,1
2819,0,0
2820,1,1
2821,1,1
2822,1,1
2823,1,1
2824,0,0
2825,1,0
2826,1,1
2827,0,0
2828,0,0
2829,0,0
2830,0,0
2831,0,0
2832,0,0
2833,0,0
2834,0,1
2835,0,0
2836,0,0
2837,0,0
2838,0,0
2839,0,0
2840,0,0
2841,1,1
2842,0,0
2843,0,0
2844,0,0
2845,0,0
2846,0,0
2847,0,0
2848,1,1
2849,0,0
2850,0,0
2851,0,0
2852,0,0
2853,0,0
2854,0,1
2855,0,0
2856,0,0
2857,1,1
2858,0,0
2859,1,0
2860,1,1
2861,0,0
2862,0,0
2863,0,0
2864,1,1
2865,0,0
2866,0,0
2867,0,0
2868,0,0
2869,0,0
2870,1,1
2871,0,0
2872,0,0
2873,1,1
2874,0,0
2875,0,0
2876,0,0
2877,0,0
2878,0,0
2879,0,0
2880,0,0
2881,0,0
2882,1,1
2883,0,0
2884,0,0
2885,0,0
2886,0,0
2887,0,0
2888,0,0
2889,0,0
2890,1,0
2891,1,0
2892,1,1
2893,0,0
2894,0,0
2895,1,0
2896,0,0
2897,0,0
2898,0,0
2899,0,0
2900,0,0
2901,0,0
2902,0,0
2903,0,0
2904,0,0
2905,0,0
2906,0,0
2907,0,0
2908,0,0
2909,1,1
2910,0,0
2911,0,0
2912,0,0
2913,0,0
2914,0,1
2915,1,0
2916,1,1
2917,0,0
2918,0,0
2919,1,1
2920,1,0
2921,0,0
2922,0,0
2923,0,0
2924,0,0
2925,0,0
2926,1,1
2927,0,0
2928,0,0
2929,0,0
2930,1,1
2931,0,0
2932,0,0
2933,0,0
2934,0,0
2935,0,0
2936,1,1
2937,0,0
2938,0,0
2939,0,0
2940,0,0
2941,0,0
2942,0,0
2943,0,0
2944,1,1
2945,0,0
2946,0,0
2947,1,1
2948,0,0
2949,0,0
2950,0,0
2951,0,0
2952,1,0
2953,1,0
2954,0,0
2955,0,0
2956,0,0
2957,0,1
2958,1,1
2959,0,0
2960,0,0
2961,0,0
2962,0,0
2963,0,0
2964,0,0
2965,0,0
2966,1,1
2967,0,0
2968,0,0
2969,0,0
2970,0,0
2971,1,1
2972,0,0
2973,0,1
2974,1,0
2975,1,1
2976,0,0
2977,1,0
2978,0,0
2979,1,1
2980,1,0
2981,0,0
2982,1,0
2983,0,0
2984,1,0
2985,0,0
2986,0,0
2987,0,0
2988,0,1
2989,0,0
2990,0,0
2991,1,1
2992,0,1
2993,0,0
2994,0,0
2995,0,0
2996,0,0
2997,1,1
2998,0,0
2999,1,1
3000,0,0
3001,0,0
3002,0,0
3003,0,0
3004,1,0
3005,1,0
3006,0,0
3007,0,0
3008,0,0
3009,0,0
3010,0,0
3011,0,0
3012,0,0
3013,0,0
3014,0,0
3015,1,1
3016,0,0
3017,0,0
3018,1,1
3019,0,0
3020,0,0
3021,1,1
3022,0,0
3023,1,1
3024,0,0
3025,1,1
3026,0,0
3027,0,0
3028,1,1
3029,1,1
3030,0,0
3031,0,0
3032,0,0
3033,1,1
3034,0,0
3035,0,0
3036,0,0
3037,1,1
3038,0,0
3039,0,0
3040,0,0
3041,0,1
3042,0,0
3043,0,0
3044,0,0
3045,0,0
3046,0,0
3047,0,0
3048,1,1
3049,0,0
3050,0,0
3051,0,0
3052,0,0
3053,0,0
3054,1,1
3055,1,1
3056,0,0
3057,0,0
3058,0,0
3059,1,1
3060,0,0
3061,1,1
3062,0,0
3063,0,0
3064,1,1
3065,0,0
3066,0,0
3067,1,1
3068,0,1
3069,0,0
3070,0,0
3071,1,1
3072,1,1
3073,0,0
3074,0,0
3075,0,0
3076,0,0
3077,0,0
3078,0,0
3079,0,0
3080,0,0
3081,0,0
3082,0,0
3083,0,0
3084,1,1
3085,1,1
3086,1,1
3087,0,0
3088,0,0
3089,1,0
3090,0,0
3091,1,1
3092,0,0
3093,0,0
3094,0,0
3095,0,0
3096,1,0
3097,0,0
3098,0,0
3099,1,1
3100,0,0
3101,0,0
3102,0,1
3103,0,1
3104,0,0
3105,0,0
3106,1,1
3107,0,0
3108,0,0
3109,0,0
3110,0,0
3111,0,0
3112,0,0
3113,0,0
3114,1,1
3115,0,0
3116,0,0
3117,0,0
3118,0,0
3119,0,0
3120,1,1
3121,0,0
3122,1,1
3123,0,0
3124,0,0
3125,0,0
3126,0,0
3127,0,0
3128,0,0
3129,0,0
3130,0,0
3131,0,0
3132,1,1
3133,0,0
3134,1,1
3135,0,1
3136,0,1
3137,0,1
3138,0,0
3139,1,1
3140,0,1
3141,0,0
3142,0,0
3143,0,0
3144,0,0
3145,0,0
3146,0,0
3147,0,0
3148,1,0
3149,1,0
3150,0,0
3151,0,0
3152,0,0
3153,0,0
3154,0,0
3155,0,0
3156,0,0
3157,0,0
3158,0,0
3159,0,0
3160,0,0
3161,0,0
3162,1,1
3163,1,1
3164,0,0
3165,0,0
3166,1,1
3167,0,0
3168,0,0
3169,0,0
3170,0,0
3171,0,0
3172,0,1
3173,0,0
3174,1,1
3175,0,1
3176,0,0
3177,0,0
3178,0,0
3179,1,1
3180,1,1
3181,0,0
3182,0,0
3183,0,0
3184,0,0
3185,0,0
3186,0,0
3187,1,1
3188,1,1
3189,1,1
3190,1,1
3191,0,0
3192,1,1
3193,0,0
3194,0,0
3195,0,0
3196,0,0
3197,1,1
3198,0,0
3199,1,1
3200,0,0
3201,0,0
3202,0,0
3203,0,0
3204,1,0
3205,1,0
3206,0,1
3207,0,0
3208,0,0
3209,1,1
3210,0,0
3211,0,0
3212,0,0
3213,0,1
3214,0,0
3215,0,0
3216,1,1
3217,0,0
3218,0,0
3219,0,0
3220,0,0
3221,1,1
3222,0,0
3223,0,0
3224,0,0
3225,1,1
3226,0,0
3227,0,0
3228,0,1
3229,0,0
3230,0,0
3231,0,0
3232,0,1
3233,1,0
3234,0,0
3235,0,0
3236,0,0
3237,1,1
3238,0,0
3239,0,1
3240,0,0
3241,0,0
3242,0,0
3243,0,0
3244,1,0
3245,0,0
3246,0,0
3247,0,0
3248,0,0
3249,0,1
3250,0,0
3251,0,0
3252,0,1
3253,0,1
3254,1,1
3255,0,0
3256,0,0
3257,0,0
3258,0,0
3259,0,0
3260,0,0
3261,0,0
3262,1,0
3263,1,0
3264,1,1
3265,0,1
3266,0,0
3267,0,0
3268,1,1
3269,0,0
3270,1,1
3271,0,0
3272,0,0
3273,0,0
3274,0,0
3275,0,0
3276,1,1
3277,0,0
3278,0,0
3279,0,0
3280,0,0
3281,1,1
3282,0,1
3283,0,0
3284,0,0
3285,1,1
3286,0,0
3287,0,0
3288,1,1
3289,0,0
3290,1,0
3291,0,0
3292,0,0
3293,0,0
3294,0,0
3295,0,0
3296,1,1
3297,0,0
3298,0,0
3299,0,0
3300,1,1
3301,1,0
3302,1,1
3303,0,0
3304,0,0
3305,0,0
3306,0,0
3307,0,0
3308,0,0
3309,0,0
3310,0,0
3311,0,0
3312,0,0
3313,0,0
3314,1,1
3315,1,1
3316,0,0
3317,1,1
3318,0,0
3319,0,0
3320,0,0
3321,0,0
3322,0,0
3323,0,0
3324,0,0
3325,0,0
3326,0,0
3327,0,0
3328,0,0
3329,0,0
3330,0,0
3331,0,0
3332,0,1
3333,0,1
3334,1,0
3335,0,0
3336,0,0
3337,0,0
3338,1,1
3339,0,0
3340,1,1
3341,0,0
3342,0,0
3343,0,0
3344,1,0
3345,1,1
3346,0,0
3347,0,1
3348,0,0
3349,0,0
3350,0,0
3351,0,0
3352,0,1
3353,0,0
3354,1,1
3355,1,1
3356,0,0
3357,0,0
3358,0,0
3359,0,0
3360,1,1
3361,1,1
3362,0,0
3363,0,0
3364,0,0
3365,0,0
3366,0,0
3367,1,1
3368,0,0
3369,0,0
3370,1,0
3371,0,1
3372,0,0
3373,0,0
3374,1,1
3375,1,1
3376,1,1
3377,0,0
3378,0,0
3379,0,1
3380,0,0
3381,0,0
3382,1,1
3383,1,1
3384,0,0
3385,0,0
3386,0,0
3387,0,0
3388,0,0
3389,0,1
3390,0,0
3391,0,0
3392,0,0
3393,0,0
3394,0,0
3395,0,0
3396,0,0
3397,1,1
3398,1,1
3399,0,0
3400,1,0
3401,0,0
3402,0,0
3403,0,0
3404,0,1
3405,0,0
3406,0,0
3407,0,0
3408,1,1
3409,1,0
3410,0,0
3411,0,0
3412,0,0
3413,0,0
3414,0,0
3415,0,0
3416,0,0
3417,0,0
3418,0,0
3419,0,0
3420,0,0
3421,1,1
3422,1,1
3423,0,0
3424,0,0
3425,0,0
3426,1,1
3427,0,0
3428,0,0
3429,0,0
3430,1,1
3431,0,0
3432,0,0
3433,1,1
3434,1,1
3435,0,0
3436,0,0
3437,0,0
3438,0,0
3439,0,0
3440,0,0
3441,0,0
3442,0,0
3443,0,0
3444,0,0
3445,0,0
3446,0,0
3447,0,0
3448,1,1
3449,0,0
3450,0,1
3451,1,1
3452,0,0
3453,1,0
3454,1,1
3455,1,0
3456,1,1
3457,0,0
3458,1,1
3459,1,1
3460,0,0
3461,0,0
3462,0,0
3463,0,0
3464,0,0
3465,0,1
3466,0,0
3467,1,0
3468,0,0
3469,0,0
3470,1,1
3471,0,0
3472,0,0
3473,0,0
3474,0,0
3475,0,0
3476,1,1
3477,0,0
3478,0,0
3479,0,0
3480,0,0
3481,1,1
3482,0,0
3483,0,0
3484,0,0
3485,1,1
3486,0,0
3487,0,0
3488,0,0
3489,0,0
3490,0,0
3491,0,0
3492,0,0
3493,0,0
3494,0,0
3495,0,0
3496,0,0
3497,0,0
3498,0,0
3499,1,1
3500,0,0
3501,0,0
3502,0,0
3503,0,0
3504,0,0
3505,0,0
3506,0,0
3507,0,0
3508,0,0
3509,0,0
3510,1,1
3511,0,0
3512,1,1
3513,0,1
3514,0,0
3515,0,0
3516,0,0
3517,1,0
3518,1,1
3519,1,0
3520,0,0
3521,1,1
3522,1,1
3523,0,0
3524,1,1
3525,0,0
3526,0,0
3527,0,0
3528,0,0
3529,0,0
3530,1,1
3531,0,0
3532,0,1
3533,1,1
3534,0,1
3535,0,0
3536,1,1
3537,0,0
3538,1,1
3539,0,0
3540,0,0
3541,0,0
3542,0,0
3543,0,0
3544,1,1
3545,0,0
3546,0,0
3547,0,0
3548,0,0
3549,1,1
3550,0,0
3551,0,1
3552,0,1
3553,1,0
3554,0,0
3555,0,0
3556,0,0
3557,1,0
3558,0,0
3559,1,1
3560,0,0
3561,0,0
3562,0,0
3563,0,0
3564,0,0
3565,0,0
3566,0,0
3567,0,0
3568,1,0
3569,1,1
3570,0,0
3571,0,1
3572,0,0
3573,0,0
3574,0,0
3575,0,0
3576,0,1
3577,0,0
3578,1,1
3579,0,0
3580,0,0
3581,0,1
3582,0,0
3583,0,0
3584,1,0
3585,0,0
3586,0,0
3587,0,0
3588,0,0
3589,0,1
3590,0,0
3591,0,0
3592,1,1
3593,0,0
3594,0,0
3595,0,0
3596,0,0
3597,1,1
3598,0,0
3599,0,0
3600,0,1
3601,0,0
3602,0,0
3603,0,0
3604,1,1
3605,0,1
3606,0,0
3607,0,0
3608,0,0
3609,0,0
3610,1,1
3611,1,0
3612,0,0
3613,0,0
3614,0,0
3615,0,0
3616,0,0
3617,0,0
3618,0,0
3619,0,0
3620,0,0
3621,1,1
3622,0,0
3623,0,0
3624,0,0
3625,0,0
3626,0,0
3627,1,1
3628,1,1
3629,1,1
3630,0,0
3631,0,0
3632,0,0
3633,0,0
3634,0,0
3635,0,0
3636,0,0
3637,0,0
3638,0,0
3639,0,0
3640,0,0
3641,0,0
3642,0,0
3643,0,0
3644,1,1
3645,0,0
3646,0,0
3647,0,0
3648,0,0
3649,0,0
3650,0,0
3651,0,1
3652,0,0
3653,0,0
3654,1,1
3655,0,0
3656,0,0
3657,1,1
3658,0,0
3659,1,0
3660,0,0
3661,0,0
3662,0,0
3663,0,0
3664,0,0
3665,0,0
3666,0,1
3667,0,1
3668,1,1
3669,0,0
3670,0,0
3671,0,0
3672,0,0
3673,1,0
3674,0,0
3675,0,0
3676,0,0
3677,0,0
3678,0,0
3679,0,0
3680,0,0
3681,0,0
3682,0,0
3683,0,0
3684,0,0
3685,0,0
3686,1,1
3687,0,0
3688,0,0
3689,1,1
3690,0,0
3691,1,1
3692,0,0
3693,1,1
3694,0,0
3695,1,1
3696,1,1
3697,0,0
3698,0,0
3699,1,1
3700,0,0
3701,0,0
3702,1,1
3703,0,0
3704,0,0
3705,0,0
3706,1,1
3707,1,0
3708,0,0
3709,0,0
3710,0,0
3711,0,0
3712,0,0
3713,1,0
3714,0,0
3715,0,0
3716,0,0
3717,1,0
3718,0,0
3719,0,0
3720,0,0
3721,1,1
3722,0,0
3723,0,0
3724,0,0
3725,0,0
3726,1,1
3727,0,0
3728,0,0
3729,0,0
3730,0,0
3731,0,0
3732,0,0
3733,0,0
3734,0,0
3735,0,0
3736,1,0
3737,1,1
3738,0,0
3739,0,0
3740,0,0
3741,0,0
3742,0,0
3743,0,1
3744,1,0
3745,0,0
3746,0,1
3747,0,0
3748,0,0
3749,0,0
3750,0,0
3751,1,1
3752,0,0
3753,0,0
3754,0,1
3755,1,1
3756,0,0
3757,1,1
3758,0,0
3759,0,0
3760,0,0
3761,0,0
3762,1,1
3763,0,0
3764,0,0
3765,0,0
3766,1,1
3767,0,1
3768,1,1
3769,1,1
3770,1,1
3771,0,0
3772,0,0
3773,0,0
3774,0,0
3775,0,0
3776,0,0
3777,0,0
3778,1,0
3779,1,0
3780,0,1
3781,0,0
3782,1,1
3783,0,0
3784,1,1
3785,0,0
3786,0,0
3787,0,0
3788,0,0
3789,1,0
3790,0,0
3791,0,0
3792,0,0
3793,1,1
3794,0,0
3795,1,1
3796,1,0
3797,0,0
3798,0,0
3799,0,0
3800,1,0
3801,0,0
3802,0,0
3803,1,1
3804,0,0
3805,0,0
3806,0,0
3807,1,1
3808,0,1
3809,0,0
3810,1,1
3811,1,0
3812,0,0
3813,1,1
3814,0,0
3815,1,0
3816,0,0
3817,0,1
3818,0,0
3819,0,0
3820,0,0
3821,0,0
3822,1,1
3823,0,0
3824,0,0
3825,0,0
3826,1,0
3827,0,0
3828,0,0
3829,0,0
3830,0,0
3831,0,0
3832,0,0
3833,0,0
3834,0,0
3835,0,0
3836,0,0
3837,0,0
3838,0,0
3839,1,1
3840,1,1
3841,1,1
3842,0,0
3843,0,0
3844,0,0
3845,0,0
3846,0,0
3847,0,0
3848,0,0
3849,0,0
3850,0,0
3851,0,0
3852,0,1
3853,0,0
3854,0,0
3855,0,0
3856,0,0
3857,1,1
3858,0,0
3859,0,0
3860,0,0
3861,1,1
3862,0,0
3863,0,0
3864,1,0
3865,0,0
3866,1,1
3867,0,0
3868,1,0
3869,1,1
3870,0,0
3871,1,1
3872,0,0
3873,0,0
3874,0,0
3875,0,0
3876,0,0
3877,0,0
3878,1,1
3879,1,0
3880,0,1
3881,0,0
3882,0,0
3883,0,0
3884,0,0
3885,0,0
3886,0,1
3887,0,0
3888,0,0
3889,1,1
3890,0,0
3891,0,1
3892,1,0
3893,0,0
3894,1,1
3895,0,0
3896,0,0
3897,1,1
3898,0,0
3899,0,0
3900,0,1
3901,0,0
3902,0,0
3903,0,0
3904,0,0
3905,0,0
3906,1,1
3907,1,1
3908,0,0
3909,1,1
3910,0,0
3911,1,1
3912,0,0
3913,1,0
3914,1,1
3915,0,0
3916,1,1
3917,0,0
3918,0,0
3919,0,1
3920,1,0
3921,0,0
3922,1,1
3923,1,1
3924,0,0
3925,0,0
3926,0,0
3927,0,0
3928,1,1
3929,0,0
3930,0,0
3931,0,0
3932,0,0
3933,1,1
3934,0,0
3935,0,0
3936,0,0
3937,1,1
3938,0,0
3939,1,1
3940,1,1
3941,1,0
3942,0,0
3943,0,0
3944,0,0
3945,0,0
3946,1,1
3947,0,0
3948,0,0
3949,1,1
3950,0,0
3951,0,0
3952,0,0
3953,0,0
3954,0,0
3955,1,1
3956,0,0
3957,0,0
3958,0,0
3959,1,1
3960,1,0
3961,0,1
3962,1,0
3963,0,0
3964,1,1
3965,0,0
3966,1,0
3967,0,0
3968,0,0
3969,0,0
3970,0,0
3971,1,1
3972,0,0
3973,0,0
3974,0,0
3975,0,0
3976,1,1
3977,0,0
3978,0,0
3979,0,0
3980,0,0
3981,0,1
3982,1,1
3983,1,0
3984,0,0
3985,0,0
3986,0,0
3987,0,0
3988,0,0
3989,0,0
3990,1,0
3991,0,0
3992,0,0
3993,1,1
3994,0,0
3995,0,0
3996,0,0
3997,0,1
3998,0,0
3999,0,0
4000,0,0
4001,0,1
4002,0,0
4003,1,0
4004,0,0
4005,0,1
4006,0,0
4007,0,0
4008,0,0
4009,0,0
4010,0,0
4011,0,0
4012,0,0
4013,1,1
4014,1,0
4015,0,0
4016,0,1
4017,0,0
4018,0,0
4019,0,0
4020,1,1
4021,0,0
4022,1,0
4023,0,0
4024,0,0
4025,0,0
4026,0,0
4027,1,1
4028,0,0
4029,1,1
4030,1,1
4031,1,0
4032,0,0
4033,0,0
4034,0,0
4035,0,0
4036,0,1
4037,0,0
4038,0,0
4039,0,0
4040,0,0
4041,0,0
4042,1,1
4043,0,0
4044,0,1
4045,1,0
4046,0,0
4047,0,0
4048,0,0
4049,0,0
4050,1,1
4051,1,1
4052,1,1
4053,0,0
4054,0,0
4055,0,0
4056,0,0
4057,0,0
4058,0,0
4059,1,1
4060,0,0
4061,0,0
4062,0,0
4063,0,0
4064,1,1
4065,0,0
4066,1,1
4067,0,0
4068,0,0
4069,0,0
4070,0,0
4071,0,0
4072,1,1
4073,1,0
4074,1,0
4075,1,1
4076,1,1
4077,1,0
4078,0,0
4079,0,0
4080,0,0
4081,0,0
4082,1,1
4083,0,0
4084,0,0
4085,0,0
4086,0,0
4087,1,1
4088,1,1
4089,0,0
4090,0,0
4091,0,0
4092,1,1
4093,0,0
4094,0,0
4095,0,1
4096,0,0
4097,0,0
4098,0,0
4099,0,0
4100,0,0
4101,1,1
4102,0,0
4103,0,0
4104,1,1
4105,0,1
4106,0,0
4107,0,0
4108,0,0
4109,1,1
4110,1,0
4111,0,0
4112,0,0
4113,1,0
4114,0,0
4115,0,0
4116,0,0
4117,0,0
4118,0,1
4119,1,1
4120,1,1
4121,0,0
4122,1,1
4123,0,0
4124,0,0
4125,0,0
4126,0,0
4127,0,0
4128,0,0
4129,0,0
4130,0,0
4131,0,0
4132,0,0
4133,0,0
4134,0,1
4135,0,0
4136,1,1
4137,1,1
4138,1,1
4139,0,0
4140,1,1
4141,0,0
4142,0,0
4143,0,0
4144,0,0
4145,0,0
4146,1,1
4147,0,0
4148,0,0
4149,1,1
4150,0,0
4151,1,0
4152,1,1
4153,0,0
4154,0,0
4155,1,1
4156,1,1
4157,1,1
4158,0,1
4159,0,0
4160,1,1
4161,1,1
4162,0,0
4163,0,0
4164,1,1
4165,0,0
4166,0,0
4167,0,0
4168,0,0
4169,0,0
4170,0,0
4171,0,0
4172,0,1
4173,0,0
4174,0,1
4175,0,0
4176,0,0
4177,0,0
4178,0,0
4179,0,0
4180,1,1
4181,0,0
4182,0,0
4183,0,0
4184,0,0
4185,1,1
4186,0,0
4187,0,1
4188,1,1
4189,1,1
4190,1,0
4191,0,0
4192,0,0
4193,1,1
4194,0,0
4195,0,0
4196,0,0
4197,0,0
4198,0,0
4199,1,1
4200,0,0
4201,1,0
4202,1,1
4203,0,0
4204,0,0
4205,1,1
4206,1,1
4207,1,0
4208,1,1
4209,0,0
4210,1,0
4211,0,1
4212,0,1
4213,0,0
4214,0,0
4215,0,0
4216,0,0
4217,0,0
4218,0,0
4219,0,0
4220,1,1
4221,0,1
4222,0,0
4223,0,0
4224,1,1
4225,0,0
4226,1,1
4227,0,0
4228,1,0
4229,0,0
4230,0,0
4231,0,0
4232,1,1
4233,1,1
4234,0,0
4235,0,0
4236,0,0
4237,1,1
4238,0,0
4239,0,0
4240,1,1
4241,0,0
4242,1,1
4243,0,0
4244,1,1
4245,0,0
4246,0,0
4247,0,0
4248,0,0
4249,1,1
4250,1,1
4251,0,0
4252,0,0
4253,1,1
4254,1,1
4255,0,0
4256,1,0
4257,0,1
4258,1,1
4259,0,0
4260,0,0
4261,0,0
4262,0,0
4263,0,1
4264,0,0
4265,0,0
4266,0,0
4267,0,0
4268,0,0
4269,0,0
4270,0,0
4271,1,1
4272,0,0
4273,0,0
4274,1,1
4275,1,1
4276,1,1
4277,1,0
4278,0,0
4279,0,0
4280,1,1
4281,0,0
4282,0,0
4283,1,0
4284,0,0
4285,0,0
4286,0,0
4287,1,0
4288,0,0
4289,0,0
4290,0,0
4291,0,0
4292,1,1
4293,0,1
4294,1,1
4295,1,1
4296,1,1
4297,1,1
4298,1,1
4299,0,0
4300,0,0
4301,1,1
4302,0,0
4303,1,1
4304,0,0
4305,1,1
4306,1,1
4307,0,0
4308,0,0
4309,0,0
4310,1,1
4311,0,0
4312,0,0
4313,0,0
4314,0,1
4315,0,1
4316,0,0
4317,0,0
4318,0,0
4319,0,0
